Model Number,Accuracy,Precision,Recall,Model Size
1, 0.18181818181818182, 0.18181818181818182, 1.0, 9314284
1, 1.0, 1.0, 1.0, 9314388