Model Number, Accuracy, Precision, Recall, Model Size
14, 1.0, 1.0, 1.0, 10744
15, 0.9681818181818181, 0.9024390243902439, 0.925, 8464